,videoId
0,Gx5JhyUwvWo
1,USaO1UtBMK0
2,CqmEar_QoDk
3,Tt46K1cGEbo
4,1wov5txk_Pg
5,oQ0mehzV-y8
6,M4HIYqQn7zU
7,tmFhkVZQg_E
8,3QU0Iv7KcWw
9,Oxxyac_L7A4
10,383E2RAPq7U
11,78J937mvH4g
12,qbzvJE7sg_g
13,w1hF4HYNQOI
14,peBcayBVoCM
15,DMp3V4BHyRQ
16,S1qqgbflibY
17,c8r7qkxaZXI
18,VyrQvEv1tak
19,kvYSwgmcVE0
20,PHsf56jSguM
21,jxWX1gANA5M
22,yYg8UAnEckw
23,1orOt3vtYvU
24,AikKYjIyoR8
25,6V7Qzn5YeXo
26,2RB1Wi35K9g
27,RlqOX0kK5G0
28,5uIsu68nGp8
29,zibw0LoKIu4
30,VXpThH70Hp4
31,FIq0XBksTe0
32,W8StdG16rUI
33,YQHSAu6CUjA
34,FVaUVdGl6lQ
35,MxJFMHGqLSs
36,Glj5Qj7qdy4
37,kMt5bvozISA
38,5PTuhR6_mCg
39,WpiV8C5Uric
40,6IZXIRqWvds
41,P9Nr5W9aaRE
42,8cpz4DKWBZ8
43,cmggYgapaRo
44,ScHhBeIa9ps
45,geXbwKKNWEI
46,kr0EHZOUTbs
47,YiQWq3oRxPY
48,UhU58Iz9zqk
49,-1qR0oOR_q4
50,go7TyVITj4M
51,FMJ69AP_D4Q
52,K4J9rCmJ3d4
53,675GnRFIGO8
54,GuR-TwudAe4
55,qCxtsJcDihk
56,qAtGSDgAWVw
57,2J3xPtmq7yk
58,1NZY5fvxxtQ
59,6zLFBIANBUs
60,fanYIYzsqw4
61,Fzb9RV4x2X0
62,lt3o_0aq2ys
63,Bt_KThq8_O4
64,8BRG2tLM4Tw
65,5Y70u4zGtJU
66,HKgwU93u9Vo
67,VyM776m9GsQ
68,E9AuAVfEAnw
69,80H0fnT8sZs
70,pfTGWKbPIvE
71,gVTWy2k0-tc
72,L3pqPw9ipCg
73,UZLNgz1AqCE
74,ZQjCh7oDRLo
75,HanfxLSk0a8
76,7bj3XZ0AQCU
77,HRrbEm41pCU
78,0s8a2zx3clg
79,QV9tsas8z_M
80,T_4lXthmpj0
81,sZFRwgErDiQ
82,VpRVq07A_Ak
83,6vVYUFumQCI
84,VfKlNLLK9NQ
85,kuCv9TJbNh4
86,sEkbibtqbbI
87,KsEErBliIjw
88,S_a81xsZ6bc
89,0lWmz76nB74
90,f8p_kNZhSZo
91,j9HYtsxteW0
92,3Ye5GJgZw8c
93,lXGYAoyabdg
94,LSI-tcAuk90
95,DD-RH0VOrBs
96,Gq30hwLYwq8
97,jiV1tIVsuUU
98,tL3-kd9zl_s
99,0S-0jhWMYMc
100,IeJ1496NLIw
101,N6d0wyShsyA
102,9A8BCkT0J8M
103,-oiCAL2-tqI
104,nvEITZp7XkU
105,rjq6FJSAVJ0
106,z_OWG_Z98xg
107,Z4O0pieCzws
108,XhM4uHNewAE
109,KBfqmalp5xo
110,3A4RAbWnvVM
111,BPrE5QEsugQ
112,bgluUp8VbaA
113,DY1IRXQH8fk
114,8YthjFKYpTY
115,QiDH3fWEDVU
116,fiNTJfBO5Y0
117,w_Be3vFdbCo
118,kWLViAbabpM
119,3kPUyFEOMGM
120,0lAWLb1tv8s
121,fZhIovdr8tM
122,AFOB6NRugTA
123,VbvaPGLvmnI
124,EuEXlALlCjE
125,jq_8rxMaltw
126,HPM5FsypbM0
127,il2XBlPuOi8
128,PeLBnv-PUck
129,HgpVwGQszrQ
130,VnD8UUdekeo
131,iCYO-lhDwqg
132,3qXRYIdEHTU
133,uGSu6mhk3RQ
134,WzKusbeJti0
135,GMiVi8xkEXA
136,ADiZAwzA1TE
137,sOoTg6ihsZM
138,l9FDSxN0mUc
139,oQEG2ALOCes
140,ePia7XI_1Ac
141,OuwY9RJtB-I
142,vMyvqDdFfcU
143,wHTIs_pii8M
144,Snt5cBMw3IQ
145,e05rwHCTps0
146,tbL61OdF8No
147,JHDDkxLsYDw
148,gN_L27itbTA
149,h2l8hC6hdlA
150,exMNBvwCfRY
151,J4euyCeAtkM
152,BVgXJ69Fzj8
153,Nx_-ZJPJiEI
154,P_EJ051o8yQ
155,ZNoc9utfbpg
156,f7E3EVpjjSo
157,aTQZEP10BSo
158,HuZTZzVvZ1E
159,GGePC2J42WU
160,JiuVSNualmE
161,fwKSENnZ7oM
162,vUO1RDgkVgE
163,6xqPKUx1WOI
164,2BWX2lWY584
165,dqve5hStevY
166,QEeta0MRv4s
167,U-9rn56VY-E
168,L0VexU10ZZo
169,1_73cJ65MMs
170,SQrCA0OOc20
171,I6eHRMbd47s
172,tKSudPji8aU
173,vMFTD21xyEk
174,iXuFg3wv1AA
175,CwADxbEAVnU
176,2qN5Qhh-KZI
177,Md8HdIT10ag
178,oFMh23ez5gw
179,y32mIxeOjP4
180,jvS4ACdE3Yw
181,P8PI1HqhxWw
182,kB7xcPqYHWQ
183,sMnoK9JxZOQ
184,nAeITInLlww
185,bSf6l6-7gwM
186,N_aMDX9LZmA
187,SG5c8fUS9c4
188,r_vs7SG-bIM
189,826VU7XSwOg
190,WUTQACMsezw
191,XgnQPw4mkyo
192,U7CbwumGlxo
193,0QDj-ikuUu8
194,KdrcHZv7eAA
195,P_642xQtF2c
196,3ozpiQ4m5nI
197,eQTqPQ0SnVE
198,LCby3yfV-Eg
199,GMUmBi2JUb8
200,_ZPpU7774DQ
201,WXFId_kyotI
202,YhRdjdGNCKE
203,owLwbqEn_ns
204,fRk-Wgnrxz8
205,JVi8lCQQtGo
206,HYoJxYVXFGc
207,KIJyMU-lO9Y
208,FLtMPJSh0AQ
209,XLC5EagMK1I
210,QUoymPzclj8
211,ykYLskMUSC0
212,boZAodfNSXk
213,CUEwe-P-U6c
214,OwwJRRQMNcE
215,wos4y4Z2Z2s
216,vaWoh1npZVY
217,bzifzvhgwQw
218,8dYXrQL9A6U
219,nVdq6nWfHUo
220,3YPqIOi3T0Q
221,2KcTwRtVaNg
222,g_-bbuRPLwo
223,AYTRWONDV6w
224,zw0ri-YBaX0
225,4vMT601s54Y
226,_MG18P6hjTI
227,s_Z72CVZCY8
228,YUiD53_0MeI
229,lrnazIq--RU
230,HMGmnwxaLzM
231,CeO_axE8h-g
232,wGk9OysUkCU
233,r-9LWT_Bf6s
234,trk6QfTFuC0
235,SMinKZN0tOY
236,SiEg-Gh3qDI
237,qxydJB25HXA
238,U4EmdYDHjnA
239,ibpiFkWKYXE
240,-oyu45l9D2E
241,ag_cTECkawc
242,FA0hClb8vJA
243,5Tt1QnkOw44
244,K8oQqTNwHfI
245,6_3mNHR8hGs
246,HFFYLAYzLE0
247,iF-fldYNdzA
248,vtMAjyeyj4A
249,i09zwM5Ofa4
250,FkTo5Nulu-w
251,3DoBmxgWXv4
252,pR2wW8iZnns
253,jBtZj-D47Nk
254,LAuJSdfIw04
255,uncclcBXFss
256,ZzkWwZRjoHY
257,XFKgt54zPlM
258,ryXwH86gZdY
259,t-Ei7-mvv00
260,bnsml6Ygsxc
261,1cqC8VjrUG0
262,p-IACpQ_6ZA
263,8obAQsYe2Jo
264,GxZJdCjoCVo
265,WBp18NXiC5g
266,ryMYwTTdZ0g
267,r964T03fjSQ
268,0QZo2uPSzVQ
269,FtqMnFtfk_g
270,gWXzAW56caY
271,qMOu4a_mfq8
272,KI1FjPoc3To
273,07RflIQbtN4
274,oHt_pl_Hqos
275,V9RNRKyJPYM
276,kWIuk9QjoWY
277,UD1roHQy-10
278,AJVzx_wyBNM
279,RQE_GEQiVgc
280,pYPvapjvdXY
281,IpLRtXrCriw
282,GiWBazkSSxg
283,eCzHIQOJu8U
284,2GvHgXUxamU
285,gCSiNATxefc
286,oOBrZRGSryg
287,YAxK7s51cJs
288,LfQ5q6hEOcs
289,XxAre3otXYk
290,FAIOWrriPjA
291,Dwl26Z_UtVI
292,D5qxMmGM6IU
293,4H7d4ADN-xk
294,CCaQ1FPePxw
295,Sd5xPW9t9io
296,PRIXtK_RSUA
297,hLcJuWVd6hw
298,JPjggjJ0SE8
299,GDq94PnLfB0
300,sJCHRCDHw3s
301,7xWcSSBICNk
302,IOqMtm3TZZ0
303,yYk6PLCLCz0
304,HYq4GKiV--c
305,myDBWjfTR-w
306,AFGvDndE2yc
307,gM6vaIbKpFY
308,g4K0nYU0OIo
309,dlaZTw-U1JM
310,qBbrnS08zmU
311,wTJEZ-DQ6oE
312,_t4L5XbQU-M
313,0Fl0-9q-PBI
314,FIhlBJ9Pfc0
315,GpOSKa6UfAE
316,dEz05-xqnZw
317,RFNhMcXA-r0
318,8TZEaSKY3Cg
319,QdutQZo0r7s
320,xxJ5f2_ELXE
321,FqWtWv9Ee_M
322,C8Azqpgqquc
323,gOty3EuCWK8
324,F0LXwtGTl3w
325,lRWygv05R4Q
326,BTs7gaCMW7k
327,rbclXLau2Cc
328,J5ppOg3Ngps
329,kwUNtnnYrMU
330,8QdR1mu5SHg
331,osVvfXwmESY
332,zwF-f9RFBqY
333,8tRzn7DeBlM
334,NwXSjF5x6BU
335,MKt6H3ihYWY
336,hMGRCqpfFXU
337,36gzJDZdWoI
338,t5b6AnIuT2o
339,y5s-gonYWr0
340,gyYTXQRyQb8
341,ynVd3fUZCVc
342,cm-oHIkblJY
343,lFhHWid8AOI
344,ElJImm7UMhE
345,1QAhHBF5Gx0
346,4R5xuEcFZr0
347,Yxg4CyEnoA8
348,dEqEygmnAWw
349,0StqAFOxpTo
350,I0NJcKac5Rs
351,w92JiKNeEsc
352,k3WRZshAFdU
353,vlMhQ9nzFQM
354,X5vHDu4XRWw
355,uSSNT7-X428
356,sDExdYefmBE
357,na5SIr5VNrk
358,E_PLT-QaoMQ
359,8kjlWlAzIUg
360,iuBHONhiuII
361,tD_qHYRbtfU
362,pXD9QWO4SGs
363,em5cpFv05aE
364,DCOxtK4eiAA
365,c1m2lzcrUek
366,42e11WB28hw
367,Vu9IO8Y_LmE
368,r7vt8mhH0TI
369,qztM1vEl4xM
370,Ne87QAqUGW4
371,SxBU92WrFZI
372,AYczhPlqiqg
373,Rqwl-kz3rtU
374,DoYc2mZ0Csk
375,k0F21AiHYB8
376,Cp15otxd_Uw
377,gZ5rxET8BtI
378,if4fYiSOCm4
379,3XNQ-QtAXEk
380,795Msr_nffM
381,bUAgf3uFWLs
382,C_5gg7czHSM
383,7qftjQSTtWY
384,QuPRQkEHQI8
385,7fOeZPiZXVE
386,HVDbwNBE8rQ
387,MUhXGTNsIG4
388,dNf4v5Uklco
389,5qqbgNEMMqA
390,MuTTT7awE_E
391,nXh2C9lBl6o
392,6ifMGqQLtxc
393,2ybpSbpyrwA
394,8hFdoLubCmI
395,I6xJh7zMwvE
396,S8U3RZuSUVE
397,Sj5hPo33RYo
